X_Value,Temperature_0,Temperature_1,Temperature_2
0,34.318627,30.484441,32.451701
0.1,34.318627,30.484441,32.451701
0.2,34.318627,30.484441,32.451701
0.3,34.411805,30.65361,32.305339
0.4,34.411805,30.65361,32.305339
0.5,34.411805,30.65361,32.305339
0.6,34.605628,30.830268,31.808402
0.7,34.605628,30.830268,31.808402
0.8,34.605628,30.830268,31.808402
0.9,34.98849,31.095435,31.965157
1,34.98849,31.095435,31.965157
1.1,34.98849,31.095435,31.965157
1.2,35.541246,31.329544,31.568296
1.3,35.541246,31.329544,31.568296
1.4,35.541246,31.329544,31.568296
1.5,35.574454,31.356309,31.044239
1.6,35.574454,31.356309,31.044239
1.7,35.574454,31.356309,31.044239
1.8,35.578429,31.417586,30.479037
1.9,35.578429,31.417586,30.479037
2,35.578429,31.417586,30.479037
2.1,35.530722,31.552099,30.408306
2.2,35.530722,31.552099,30.408306
2.3,35.530722,31.552099,30.408306
2.4,35.597137,31.705841,29.915647
2.5,35.597137,31.705841,29.915647
2.6,35.597137,31.705841,29.915647
2.7,35.676409,31.816615,29.399237
2.8,35.676409,31.816615,29.399237
2.9,35.676409,31.816615,29.399237
3,35.647881,31.939815,29.384418
3.1,35.647881,31.939815,29.384418
3.2,35.647881,31.939815,29.384418
3.3,35.459625,32.065346,29.269859
3.4,35.459625,32.065346,29.269859
3.5,35.459625,32.065346,29.269859
3.6,35.46477,32.176083,29.468859
3.7,35.46477,32.176083,29.468859
3.8,35.46477,32.176083,29.468859
3.9,35.493771,32.296191,29.836415
4,35.493771,32.296191,29.836415
4.1,35.493771,32.296191,29.836415
4.2,35.549431,32.407607,30.110999
4.3,35.549431,32.407607,30.110999
4.4,35.549431,32.407607,30.110999
4.5,35.619586,32.557707,30.470577
4.6,35.619586,32.557707,30.470577
4.7,35.619586,32.557707,30.470577
4.8,35.807815,32.817752,30.73513
4.9,35.807815,32.817752,30.73513
5,35.807815,32.817752,30.73513
5.1,36.069643,33.141957,30.615549
5.2,36.069643,33.141957,30.615549
5.3,36.069643,33.141957,30.615549
5.4,36.40315,33.415684,30.44285
5.5,36.40315,33.415684,30.44285
5.6,36.40315,33.415684,30.44285
5.7,36.275555,33.611797,30.632935
5.8,36.275555,33.611797,30.632935
5.9,36.275555,33.611797,30.632935
6,36.251016,33.783512,30.694958
6.1,36.251016,33.783512,30.694958
6.2,36.251016,33.783512,30.694958
6.3,36.119431,33.959649,30.699187
6.4,36.119431,33.959649,30.699187
6.5,36.119431,33.959649,30.699187
6.6,36.256625,34.224269,30.888991
6.7,36.256625,34.224269,30.888991
6.8,36.256625,34.224269,30.888991
6.9,36.416703,34.48461,31.240791
7,36.416703,34.48461,31.240791
7.1,36.416703,34.48461,31.240791
7.2,36.593813,34.730378,31.575807
7.3,36.593813,34.730378,31.575807
7.4,36.593813,34.730378,31.575807
7.5,36.711558,34.989426,31.862611
7.6,36.711558,34.989426,31.862611
7.7,36.711558,34.989426,31.862611
7.8,36.892825,35.324434,31.898281
7.9,36.892825,35.324434,31.898281
8,36.892825,35.324434,31.898281
8.1,37.116096,35.665419,32.323166
8.2,37.116096,35.665419,32.323166
8.3,37.116096,35.665419,32.323166
8.4,37.461424,36.110782,32.298536
8.5,37.461424,36.110782,32.298536
8.6,37.461424,36.110782,32.298536
8.7,37.821579,36.329306,31.792208
8.8,37.821579,36.329306,31.792208
8.9,37.821579,36.329306,31.792208
9,37.799642,36.565309,32.033437
9.1,37.799642,36.565309,32.033437
9.2,37.799642,36.565309,32.033437
9.3,37.894156,36.952617,32.18617
9.4,37.894156,36.952617,32.18617
9.5,37.894156,36.952617,32.18617
9.6,37.977463,37.511848,31.995426
9.7,37.977463,37.511848,31.995426
9.8,37.977463,37.511848,31.995426
9.9,37.881555,37.794507,31.935356
10,37.881555,37.794507,31.935356
10.1,37.881555,37.794507,31.935356
10.2,37.566005,38.331619,32.314722
10.3,37.566005,38.331619,32.314722
10.4,37.566005,38.331619,32.314722
10.5,37.709787,38.969891,32.757495
10.6,37.709787,38.969891,32.757495
10.7,37.709787,38.969891,32.757495
10.8,37.719123,39.4081,32.521122
10.9,37.719123,39.4081,32.521122
11,37.719123,39.4081,32.521122
11.1,38.213579,39.952828,32.314722
11.2,38.213579,39.952828,32.314722
11.3,38.213579,39.952828,32.314722
11.4,38.580955,40.669108,32.187109
11.5,38.580955,40.669108,32.187109
11.6,38.580955,40.669108,32.187109
11.7,38.784067,41.292582,32.013727
11.8,38.784067,41.292582,32.013727
11.9,38.784067,41.292582,32.013727
12,39.434667,41.983857,32.375004
12.1,39.434667,41.983857,32.375004
12.2,39.434667,41.983857,32.375004
12.3,39.65813,42.55876,32.418162
12.4,39.65813,42.55876,32.418162
12.5,39.65813,42.55876,32.418162
12.6,39.947937,43.346858,32.717869
12.7,39.947937,43.346858,32.717869
12.8,39.947937,43.346858,32.717869
12.9,40.285176,44.29135,32.800168
13,40.285176,44.29135,32.800168
13.1,40.285176,44.29135,32.800168
13.2,40.79923,45.175525,32.662999
13.3,40.79923,45.175525,32.662999
13.4,40.79923,45.175525,32.662999
13.5,41.406814,45.864159,32.285869
13.6,41.406814,45.864159,32.285869
13.7,41.406814,45.864159,32.285869
13.8,42.20869,47.207226,32.853389
13.9,42.20869,47.207226,32.853389
14,42.20869,47.207226,32.853389
14.1,42.892928,48.72338,33.142895
14.2,42.892928,48.72338,33.142895
14.3,42.892928,48.72338,33.142895
14.4,43.609754,50.204175,32.988658
14.5,43.609754,50.204175,32.988658
14.6,43.609754,50.204175,32.988658
14.7,44.498819,51.886866,33.616014
14.8,44.498819,51.886866,33.616014
14.9,44.498819,51.886866,33.616014
15,45.377516,54.045712,34.219352
15.1,45.377516,54.045712,34.219352
15.2,45.377516,54.045712,34.219352
15.3,46.622625,56.42014,34.717037
15.4,46.622625,56.42014,34.717037
15.5,46.622625,56.42014,34.717037
15.6,47.883233,59.243272,35.693011
15.7,47.883233,59.243272,35.693011
15.8,47.883233,59.243272,35.693011
15.9,49.63816,62.581901,36.716231
16,49.63816,62.581901,36.716231
16.1,49.63816,62.581901,36.716231
16.2,51.555138,66.246074,37.469594
16.3,51.555138,66.246074,37.469594
16.4,51.555138,66.246074,37.469594
16.5,53.416501,70.186383,38.438217
16.6,53.416501,70.186383,38.438217
16.7,53.416501,70.186383,38.438217
16.8,55.54647,74.637595,39.998249
16.9,55.54647,74.637595,39.998249
17,55.54647,74.637595,39.998249
17.1,58.143318,79.685433,41.85596
17.2,58.143318,79.685433,41.85596
17.3,58.143318,79.685433,41.85596
17.4,61.137938,85.230068,43.725856
17.5,61.137938,85.230068,43.725856
17.6,61.137938,85.230068,43.725856
17.7,64.404269,91.252337,45.747558
17.8,64.404269,91.252337,45.747558
17.9,64.404269,91.252337,45.747558
18,67.901339,97.721077,47.849903
18.1,67.901339,97.721077,47.849903
18.2,67.901339,97.721077,47.849903
18.3,71.611407,104.799331,49.897274
18.4,71.611407,104.799331,49.897274
18.5,71.611407,104.799331,49.897274
18.6,75.5181,112.540285,52.312678
18.7,75.5181,112.540285,52.312678
18.8,75.5181,112.540285,52.312678
18.9,79.726226,121.125644,54.626071
19,79.726226,121.125644,54.626071
19.1,79.726226,121.125644,54.626071
19.2,84.249533,130.50921,56.44132
19.3,84.249533,130.50921,56.44132
19.4,84.249533,130.50921,56.44132
19.5,88.877006,140.54005,58.484425
19.6,88.877006,140.54005,58.484425
19.7,88.877006,140.54005,58.484425
19.8,93.674695,151.879684,60.963563
19.9,93.674695,151.879684,60.963563
20,93.674695,151.879684,60.963563
20.1,99.13053,164.264266,63.912914
20.2,99.13053,164.264266,63.912914
20.3,99.13053,164.264266,63.912914
20.4,104.873307,177.43922,66.947652
20.5,104.873307,177.43922,66.947652
20.6,104.873307,177.43922,66.947652
20.7,110.681486,191.552356,69.958328
20.8,110.681486,191.552356,69.958328
20.9,110.681486,191.552356,69.958328
21,116.528122,206.263588,72.685656
21.1,116.528122,206.263588,72.685656
21.2,116.528122,206.263588,72.685656
21.3,122.861659,221.610673,75.686731
21.4,122.861659,221.610673,75.686731
21.5,122.861659,221.610673,75.686731
21.6,129.827669,236.612796,78.773365
21.7,129.827669,236.612796,78.773365
21.8,129.827669,236.612796,78.773365
21.9,136.405153,251.06708,81.818403
22,136.405153,251.06708,81.818403
22.1,136.405153,251.06708,81.818403
22.2,142.532587,265.010374,85.042202
22.3,142.532587,265.010374,85.042202
22.4,142.532587,265.010374,85.042202
22.5,148.417727,278.120447,88.502297
22.6,148.417727,278.120447,88.502297
22.7,148.417727,278.120447,88.502297
22.8,154.166578,290.127064,92.100391
22.9,154.166578,290.127064,92.100391
23,154.166578,290.127064,92.100391
23.1,160.176757,300.752217,95.716717
23.2,160.176757,300.752217,95.716717
23.3,160.176757,300.752217,95.716717
23.4,165.682435,310.070211,99.341472
23.5,165.682435,310.070211,99.341472
23.6,165.682435,310.070211,99.341472
23.7,170.76685,318.466727,102.80927
23.8,170.76685,318.466727,102.80927
23.9,170.76685,318.466727,102.80927
24,175.666051,325.623082,106.424464
24.1,175.666051,325.623082,106.424464
24.2,175.666051,325.623082,106.424464
24.3,180.641165,331.734185,110.195702
24.4,180.641165,331.734185,110.195702
24.5,180.641165,331.734185,110.195702
24.6,184.9057,336.907737,113.753007
24.7,184.9057,336.907737,113.753007
24.8,184.9057,336.907737,113.753007
24.9,188.66814,341.234626,117.319205
25,188.66814,341.234626,117.319205
25.1,188.66814,341.234626,117.319205
25.2,192.0119,344.70363,120.757752
25.3,192.0119,344.70363,120.757752
25.4,192.0119,344.70363,120.757752
25.5,194.971827,347.264097,124.020446
25.6,194.971827,347.264097,124.020446
25.7,194.971827,347.264097,124.020446
25.8,197.267474,348.882294,127.242734
25.9,197.267474,348.882294,127.242734
26,197.267474,348.882294,127.242734
26.1,200.341297,350.498055,130.45737
26.2,200.341297,350.498055,130.45737
26.3,200.341297,350.498055,130.45737
26.4,203.243794,351.747844,133.679916
26.5,203.243794,351.747844,133.679916
26.6,203.243794,351.747844,133.679916
26.7,205.139533,352.129129,136.699336
26.8,205.139533,352.129129,136.699336
26.9,205.139533,352.129129,136.699336
27,207.029557,352.616624,139.226453
27.1,207.029557,352.616624,139.226453
27.2,207.029557,352.616624,139.226453
27.3,208.543498,352.849554,141.82666
27.4,208.543498,352.849554,141.82666
27.5,208.543498,352.849554,141.82666
27.6,210.246053,352.698515,144.024762
27.7,210.246053,352.698515,144.024762
27.8,210.246053,352.698515,144.024762
27.9,211.910804,352.54133,146.568972
28,211.910804,352.54133,146.568972
28.1,211.910804,352.54133,146.568972
28.2,213.44862,352.206703,148.917433
28.3,213.44862,352.206703,148.917433
28.4,213.44862,352.206703,148.917433
28.5,214.560692,350.933562,151.193822
28.6,214.560692,350.933562,151.193822
28.7,214.560692,350.933562,151.193822
28.8,215.634409,350.195868,153.116551
28.9,215.634409,350.195868,153.116551
29,215.634409,350.195868,153.116551
29.1,216.749832,349.37207,154.729592
29.2,216.749832,349.37207,154.729592
29.3,216.749832,349.37207,154.729592
29.4,217.812184,348.5682,156.480809
29.5,217.812184,348.5682,156.480809
29.6,217.812184,348.5682,156.480809
29.7,218.652753,347.608984,158.043746
29.8,218.652753,347.608984,158.043746
29.9,218.652753,347.608984,158.043746
30,218.745794,346.214073,159.215822
30.1,218.745794,346.214073,159.215822
30.2,218.745794,346.214073,159.215822
30.3,218.956786,344.799282,160.838855
30.4,218.956786,344.799282,160.838855
30.5,218.956786,344.799282,160.838855
30.6,219.807972,343.698296,162.575658
30.7,219.807972,343.698296,162.575658
30.8,219.807972,343.698296,162.575658
30.9,220.563336,342.622181,163.96513
31,220.563336,342.622181,163.96513
31.1,220.563336,342.622181,163.96513
31.2,221.243102,341.54953,165.47413
31.3,221.243102,341.54953,165.47413
31.4,221.243102,341.54953,165.47413
31.5,222.005466,340.476695,166.881995
31.6,222.005466,340.476695,166.881995
31.7,222.005466,340.476695,166.881995
31.8,222.715252,339.329368,168.377492
31.9,222.715252,339.329368,168.377492
32,222.715252,339.329368,168.377492
32.1,223.365386,338.137597,169.817457
32.2,223.365386,338.137597,169.817457
32.3,223.365386,338.137597,169.817457
32.4,224.035517,336.899528,171.23136
32.5,224.035517,336.899528,171.23136
32.6,224.035517,336.899528,171.23136
32.7,224.526406,335.624936,172.565271
32.8,224.526406,335.624936,172.565271
32.9,224.526406,335.624936,172.565271
33,225.007264,334.45158,173.887301
33.1,225.007264,334.45158,173.887301
33.2,225.007264,334.45158,173.887301
33.3,225.517407,333.186943,175.008779
33.4,225.517407,333.186943,175.008779
33.5,225.517407,333.186943,175.008779
33.6,225.923751,331.895545,175.927926
33.7,225.923751,331.895545,175.927926
33.8,225.923751,331.895545,175.927926
33.9,226.31228,330.633064,177.082603
34,226.31228,330.633064,177.082603
34.1,226.31228,330.633064,177.082603
34.2,226.689394,329.362297,178.143426
34.3,226.689394,329.362297,178.143426
34.4,226.689394,329.362297,178.143426
34.5,226.945982,328.108809,179.127051
34.6,226.945982,328.108809,179.127051
34.7,226.945982,328.108809,179.127051
34.8,227.2584,326.881746,180.116719
34.9,227.2584,326.881746,180.116719
35,227.2584,326.881746,180.116719
35.1,227.498134,325.58378,180.922007
35.2,227.498134,325.58378,180.922007
35.3,227.498134,325.58378,180.922007
35.4,227.733824,324.182619,181.780068
35.5,227.733824,324.182619,181.780068
35.6,227.733824,324.182619,181.780068
35.7,227.80907,322.942696,182.479715
35.8,227.80907,322.942696,182.479715
35.9,227.80907,322.942696,182.479715
36,227.954351,321.675923,182.753423
36.1,227.954351,321.675923,182.753423
36.2,227.954351,321.675923,182.753423
36.3,228.21508,320.459816,183.518244
36.4,228.21508,320.459816,183.518244
36.5,228.21508,320.459816,183.518244
36.6,228.276828,319.164215,183.892667
36.7,228.276828,319.164215,183.892667
36.8,228.276828,319.164215,183.892667
36.9,228.011373,317.871441,184.608351
37,228.011373,317.871441,184.608351
37.1,228.011373,317.871441,184.608351
37.2,228.192131,316.708786,185.363181
37.3,228.192131,316.708786,185.363181
37.4,228.192131,316.708786,185.363181
37.5,228.368147,315.58131,186.025182
37.6,228.368147,315.58131,186.025182
37.7,228.368147,315.58131,186.025182
37.8,228.386836,314.405656,186.632056
37.9,228.386836,314.405656,186.632056
38,228.386836,314.405656,186.632056
38.1,228.430837,313.106846,187.249905
38.2,228.430837,313.106846,187.249905
38.3,228.430837,313.106846,187.249905
38.4,227.962869,311.776673,187.851282
38.5,227.962869,311.776673,187.851282
38.6,227.962869,311.776673,187.851282
38.7,227.967364,310.613664,188.112354
38.8,227.967364,310.613664,188.112354
38.9,227.967364,310.613664,188.112354
39,228.022966,309.436773,188.31806
39.1,228.022966,309.436773,188.31806
39.2,228.022966,309.436773,188.31806
39.3,228.134167,308.311368,188.848071
39.4,228.134167,308.311368,188.848071
39.5,228.134167,308.311368,188.848071
39.6,228.168473,307.147525,189.038977
39.7,228.168473,307.147525,189.038977
39.8,228.168473,307.147525,189.038977
39.9,228.09016,305.944054,189.639132
40,228.09016,305.944054,189.639132
40.1,228.09016,305.944054,189.639132
40.2,227.786591,304.471932,190.138812
40.3,227.786591,304.471932,190.138812
40.4,227.786591,304.471932,190.138812
40.5,227.041131,303.167609,190.599347
40.6,227.041131,303.167609,190.599347
40.7,227.041131,303.167609,190.599347
40.8,226.025328,301.742578,190.873038
40.9,226.025328,301.742578,190.873038
41,226.025328,301.742578,190.873038
41.1,225.47407,300.693816,191.15794
41.2,225.47407,300.693816,191.15794
41.3,225.47407,300.693816,191.15794
41.4,225.01058,299.603551,191.339998
41.5,225.01058,299.603551,191.339998
41.6,225.01058,299.603551,191.339998
41.7,224.839328,298.488532,191.476957
41.8,224.839328,298.488532,191.476957
41.9,224.839328,298.488532,191.476957
42,224.636561,297.46427,191.547346
42.1,224.636561,297.46427,191.547346
42.2,224.636561,297.46427,191.547346
42.3,224.479737,296.369914,191.791435
42.4,224.479737,296.369914,191.791435
42.5,224.479737,296.369914,191.791435
42.6,224.131948,295.127767,192.021683
42.7,224.131948,295.127767,192.021683
42.8,224.131948,295.127767,192.021683
42.9,223.950219,294.00793,192.243337
43,223.950219,294.00793,192.243337
43.1,223.950219,294.00793,192.243337
43.2,223.851412,292.987713,192.503401
43.3,223.851412,292.987713,192.503401
43.4,223.851412,292.987713,192.503401
43.5,223.620613,292.022253,192.708824
43.6,223.620613,292.022253,192.708824
43.7,223.620613,292.022253,192.708824
43.8,223.246178,291.032259,192.925696
43.9,223.246178,291.032259,192.925696
44,223.246178,291.032259,192.925696
44.1,223.207784,290.089226,193.172386
44.2,223.207784,290.089226,193.172386
44.3,223.207784,290.089226,193.172386
44.4,223.180766,289.052641,193.406666
44.5,223.180766,289.052641,193.406666
44.6,223.180766,289.052641,193.406666
44.7,223.096865,288.158825,193.317439
44.8,223.096865,288.158825,193.317439
44.9,223.096865,288.158825,193.317439
45,222.975276,287.313917,193.410006
45.1,222.975276,287.313917,193.410006
45.2,222.975276,287.313917,193.410006
45.3,222.926923,286.410998,193.590364
45.4,222.926923,286.410998,193.590364
45.5,222.926923,286.410998,193.590364
45.6,222.891132,285.524192,193.526189
45.7,222.891132,285.524192,193.526189
45.8,222.891132,285.524192,193.526189
45.9,222.795608,284.576299,193.490642
46,222.795608,284.576299,193.490642
46.1,222.795608,284.576299,193.490642
46.2,222.368678,283.509436,193.671239
46.3,222.368678,283.509436,193.671239
46.4,222.368678,283.509436,193.671239
46.5,222.156019,282.469448,193.851594
46.6,222.156019,282.469448,193.851594
46.7,222.156019,282.469448,193.851594
46.8,221.919161,281.506819,194.045305
46.9,221.919161,281.506819,194.045305
47,221.919161,281.506819,194.045305
47.1,221.595971,280.482249,194.164106
47.2,221.595971,280.482249,194.164106
47.3,221.595971,280.482249,194.164106
47.4,221.194959,279.369025,194.26597
47.5,221.194959,279.369025,194.26597
47.6,221.194959,279.369025,194.26597
47.7,221.041987,278.623056,194.341829
47.8,221.041987,278.623056,194.341829
47.9,221.041987,278.623056,194.341829
48,220.93929,277.830284,194.464445
48.1,220.93929,277.830284,194.464445
48.2,220.93929,277.830284,194.464445
48.3,220.496205,276.785004,194.622363
48.4,220.496205,276.785004,194.622363
48.5,220.496205,276.785004,194.622363
48.6,219.901217,275.877075,194.904321
48.7,219.901217,275.877075,194.904321
48.8,219.901217,275.877075,194.904321
48.9,219.449443,274.933547,195.095866
49,219.449443,274.933547,195.095866
49.1,219.449443,274.933547,195.095866
49.2,219.233737,274.157716,195.234216
49.3,219.233737,274.157716,195.234216
49.4,219.233737,274.157716,195.234216
49.5,219.65422,273.543006,195.402618
49.6,219.65422,273.543006,195.402618
49.7,219.65422,273.543006,195.402618
49.8,220.060413,272.962977,195.514009
49.9,220.060413,272.962977,195.514009
50,220.060413,272.962977,195.514009
50.1,219.4848,272.02577,195.650922
50.2,219.4848,272.02577,195.650922
50.3,219.4848,272.02577,195.650922
50.4,219.255332,271.073329,195.803813
50.5,219.255332,271.073329,195.803813
50.6,219.255332,271.073329,195.803813
50.7,218.901251,270.087732,195.904228
50.8,218.901251,270.087732,195.904228
50.9,218.901251,270.087732,195.904228
51,218.560422,269.139878,195.99057
51.1,218.560422,269.139878,195.99057
51.2,218.560422,269.139878,195.99057
51.3,218.141458,268.142088,196.082636
51.4,218.141458,268.142088,196.082636
51.5,218.141458,268.142088,196.082636
51.6,217.677331,267.082424,196.059739
51.7,217.677331,267.082424,196.059739
51.8,217.677331,267.082424,196.059739
51.9,217.13739,266.265652,195.992717
52,217.13739,266.265652,195.992717
52.1,217.13739,266.265652,195.992717
52.2,216.481461,265.386864,195.941198
52.3,216.481461,265.386864,195.941198
52.4,216.481461,265.386864,195.941198
52.5,216.251784,264.446924,195.857241
52.6,216.251784,264.446924,195.857241
52.7,216.251784,264.446924,195.857241
52.8,215.575493,263.43783,195.776383
52.9,215.575493,263.43783,195.776383
53,215.575493,263.43783,195.776383
53.1,215.086543,262.52953,195.689801
53.2,215.086543,262.52953,195.689801
53.3,215.086543,262.52953,195.689801
53.4,214.97273,261.851398,195.541917
53.5,214.97273,261.851398,195.541917
53.6,214.97273,261.851398,195.541917
53.7,214.748657,261.163967,195.370416
53.8,214.748657,261.163967,195.370416
53.9,214.748657,261.163967,195.370416
54,214.495341,260.291203,195.254968
54.1,214.495341,260.291203,195.254968
54.2,214.495341,260.291203,195.254968
54.3,213.653282,259.232194,195.090857
54.4,213.653282,259.232194,195.090857
54.5,213.653282,259.232194,195.090857
54.6,213.269621,258.540718,194.874503
54.7,213.269621,258.540718,194.874503
54.8,213.269621,258.540718,194.874503
54.9,212.787017,257.883156,194.735911
55,212.787017,257.883156,194.735911
55.1,212.787017,257.883156,194.735911
55.2,212.699999,257.293903,194.616877
55.3,212.699999,257.293903,194.616877
55.4,212.699999,257.293903,194.616877
55.5,212.12839,256.546661,194.536486
55.6,212.12839,256.546661,194.536486
55.7,212.12839,256.546661,194.536486
55.8,212.034936,255.848534,194.504759
55.9,212.034936,255.848534,194.504759
56,212.034936,255.848534,194.504759
56.1,211.953371,255.12048,194.367832
56.2,211.953371,255.12048,194.367832
56.3,211.953371,255.12048,194.367832
56.4,211.492957,254.396176,194.217781
56.5,211.492957,254.396176,194.217781
56.6,211.492957,254.396176,194.217781
56.7,211.107177,253.631608,194.173172
56.8,211.107177,253.631608,194.173172
56.9,211.107177,253.631608,194.173172
57,210.91451,252.838213,194.081327
57.1,210.91451,252.838213,194.081327
57.2,210.91451,252.838213,194.081327
57.3,210.314093,252.032127,193.900737
57.4,210.314093,252.032127,193.900737
57.5,210.314093,252.032127,193.900737
57.6,210.04026,251.387948,193.71752
57.7,210.04026,251.387948,193.71752
57.8,210.04026,251.387948,193.71752
57.9,209.613654,250.716161,193.607541
58,209.613654,250.716161,193.607541
58.1,209.613654,250.716161,193.607541
58.2,208.947843,249.960461,193.427183
58.3,208.947843,249.960461,193.427183
58.4,208.947843,249.960461,193.427183
58.5,208.329531,249.239703,193.214852
58.6,208.329531,249.239703,193.214852
58.7,208.329531,249.239703,193.214852
58.8,208.098891,248.530455,192.983671
58.9,208.098891,248.530455,192.983671
59,208.098891,248.530455,192.983671
59.1,207.660666,247.784843,192.744134
59.2,207.660666,247.784843,192.744134
59.3,207.660666,247.784843,192.744134
59.4,207.485697,247.270732,192.539428
59.5,207.485697,247.270732,192.539428
59.6,207.485697,247.270732,192.539428
59.7,207.265727,246.575682,192.371222
59.8,207.265727,246.575682,192.371222
59.9,207.265727,246.575682,192.371222
60,206.490987,245.727723,192.181541
60.1,206.490987,245.727723,192.181541
60.2,206.490987,245.727723,192.181541
60.3,206.188818,245.067702,191.986132
60.4,206.188818,245.067702,191.986132
60.5,206.188818,245.067702,191.986132
60.6,205.768274,244.261045,191.790719
60.7,205.768274,244.261045,191.790719
60.8,205.768274,244.261045,191.790719
60.9,205.564418,243.630948,191.616063
61,205.564418,243.630948,191.616063
61.1,205.564418,243.630948,191.616063
61.2,204.996865,242.876022,191.435201
61.3,204.996865,242.876022,191.435201
61.4,204.996865,242.876022,191.435201
61.5,204.235819,242.318023,191.187289
61.6,204.235819,242.318023,191.187289
61.7,204.235819,242.318023,191.187289
61.8,203.523743,241.55115,190.910977
61.9,203.523743,241.55115,190.910977
62,203.523743,241.55115,190.910977
62.1,203.258328,240.925517,190.634423
62.2,203.258328,240.925517,190.634423
62.3,203.258328,240.925517,190.634423
62.4,202.772496,240.285122,190.400578
62.5,202.772496,240.285122,190.400578
62.6,202.772496,240.285122,190.400578
62.7,202.180815,239.630426,190.094428
62.8,202.180815,239.630426,190.094428
62.9,202.180815,239.630426,190.094428
63,201.739219,238.749135,189.867974
63.1,201.739219,238.749135,189.867974
63.2,201.739219,238.749135,189.867974
63.3,201.187,238.007295,189.566589
63.4,201.187,238.007295,189.566589
63.5,201.187,238.007295,189.566589
63.6,200.810643,237.526677,189.295267
63.7,200.810643,237.526677,189.295267
63.8,200.810643,237.526677,189.295267
63.9,200.171333,236.916282,189.049477
64,200.171333,236.916282,189.049477
64.1,200.171333,236.916282,189.049477
64.2,200.147971,236.440876,188.802253
64.3,200.147971,236.440876,188.802253
64.4,200.147971,236.440876,188.802253
64.5,199.833298,235.839179,188.560754
64.6,199.833298,235.839179,188.560754
64.7,199.833298,235.839179,188.560754
64.8,199.586555,235.302695,188.341924
64.9,199.586555,235.302695,188.341924
65,199.586555,235.302695,188.341924
65.1,199.25922,234.736125,188.106149
65.2,199.25922,234.736125,188.106149
65.3,199.25922,234.736125,188.106149
65.4,198.864871,234.126703,187.882067
65.5,198.864871,234.126703,187.882067
65.6,198.864871,234.126703,187.882067
65.7,198.532257,233.572858,187.573981
65.8,198.532257,233.572858,187.573981
65.9,198.532257,233.572858,187.573981
66,198.295007,233.051482,187.28069
66.1,198.295007,233.051482,187.28069
66.2,198.295007,233.051482,187.28069
66.3,198.099479,232.502365,187.003148
66.4,198.099479,232.502365,187.003148
66.5,198.099479,232.502365,187.003148
66.6,197.974767,232.034638,186.797675
66.7,197.974767,232.034638,186.797675
66.8,197.974767,232.034638,186.797675
66.9,197.959983,231.685442,186.617021
67,197.959983,231.685442,186.617021
67.1,197.959983,231.685442,186.617021
67.2,197.991936,231.375426,186.505574
67.3,197.991936,231.375426,186.505574
67.4,197.991936,231.375426,186.505574
67.5,197.831454,230.733067,186.366444
67.6,197.831454,230.733067,186.366444
67.7,197.831454,230.733067,186.366444
67.8,197.452769,230.012532,186.207268
67.9,197.452769,230.012532,186.207268
68,197.452769,230.012532,186.207268
68.1,197.065005,229.476023,186.106799
68.2,197.065005,229.476023,186.106799
68.3,197.065005,229.476023,186.106799
68.4,196.975334,228.971338,185.978646
68.5,196.975334,228.971338,185.978646
68.6,196.975334,228.971338,185.978646
68.7,196.621414,228.512215,185.84238
68.8,196.621414,228.512215,185.84238
68.9,196.621414,228.512215,185.84238
69,196.312557,228.007587,185.705398
69.1,196.312557,228.007587,185.705398
69.2,196.312557,228.007587,185.705398
69.3,196.086213,227.343126,185.513766
69.4,196.086213,227.343126,185.513766
69.5,196.086213,227.343126,185.513766
69.6,195.643289,226.75662,185.281803
69.7,195.643289,226.75662,185.281803
69.8,195.643289,226.75662,185.281803
69.9,195.157647,226.280556,185.057716
70,195.157647,226.280556,185.057716
70.1,195.157647,226.280556,185.057716
70.2,194.864485,225.837798,184.788049
70.3,194.864485,225.837798,184.788049
70.4,194.864485,225.837798,184.788049
70.5,194.279329,225.320845,184.580191
70.6,194.279329,225.320845,184.580191
70.7,194.279329,225.320845,184.580191
70.8,193.768812,224.800718,184.302174
70.9,193.768812,224.800718,184.302174
71,193.768812,224.800718,184.302174
71.1,193.501378,224.379527,184.017476
71.2,193.501378,224.379527,184.017476
71.3,193.501378,224.379527,184.017476
71.4,193.238948,225.410365,183.794825
71.5,193.238948,225.410365,183.794825
71.6,193.238948,225.410365,183.794825
71.7,193.037112,223.471556,183.598188
71.8,193.037112,223.471556,183.598188
71.9,193.037112,223.471556,183.598188
72,192.930944,223.12578,183.438301
72.1,192.930944,223.12578,183.438301
72.2,192.930944,223.12578,183.438301
72.3,192.638441,222.478439,183.212791
72.4,192.638441,222.478439,183.212791
72.5,192.638441,222.478439,183.212791
72.6,191.995914,221.861307,182.945999
72.7,191.995914,221.861307,182.945999
72.8,191.995914,221.861307,182.945999
72.9,191.919563,221.306185,182.754855
73,191.919563,221.306185,182.754855
73.1,191.919563,221.306185,182.754855
73.2,191.365767,220.756181,182.537463
73.3,191.365767,220.756181,182.537463
73.4,191.365767,220.756181,182.537463
73.5,191.154838,220.266811,182.35372
73.6,191.154838,220.266811,182.35372
73.7,191.154838,220.266811,182.35372
73.8,191.01716,219.856374,182.165205
73.9,191.01716,219.856374,182.165205
74,191.01716,219.856374,182.165205
74.1,190.963711,219.420494,182.0793
74.2,190.963711,219.420494,182.0793
74.3,190.963711,219.420494,182.0793
74.4,190.717939,218.853072,181.966193
74.5,190.717939,218.853072,181.966193
74.6,190.717939,218.853072,181.966193
74.7,190.224477,218.176354,181.839246
74.8,190.224477,218.176354,181.839246
74.9,190.224477,218.176354,181.839246
75,190.075338,217.811472,181.700607
75.1,190.075338,217.811472,181.700607
75.2,190.075338,217.811472,181.700607
75.3,189.736014,217.284374,181.519734
75.4,189.736014,217.284374,181.519734
75.5,189.736014,217.284374,181.519734
75.6,189.441309,216.85575,181.354134
75.7,189.441309,216.85575,181.354134
75.8,189.441309,216.85575,181.354134
75.9,189.154714,216.432772,181.165629
76,189.154714,216.432772,181.165629
76.1,189.154714,216.432772,181.165629
76.2,188.633299,215.952969,180.878103
76.3,188.633299,215.952969,180.878103
76.4,188.633299,215.952969,180.878103
76.5,188.133831,215.394936,180.552404
76.6,188.133831,215.394936,180.552404
76.7,188.133831,215.394936,180.552404
76.8,187.989455,214.835389,180.34482
76.9,187.989455,214.835389,180.34482
77,187.989455,214.835389,180.34482
77.1,187.848418,214.448288,180.134375
77.2,187.848418,214.448288,180.134375
77.3,187.848418,214.448288,180.134375
77.4,187.682563,214.060907,179.959484
77.5,187.682563,214.060907,179.959484
77.6,187.682563,214.060907,179.959484
77.7,187.423159,213.698443,179.715403
77.8,187.423159,213.698443,179.715403
77.9,187.423159,213.698443,179.715403
78,187.1628,213.28531,179.51642
78.1,187.1628,213.28531,179.51642
78.2,187.1628,213.28531,179.51642
78.3,187.023671,212.931329,179.337481
78.4,187.023671,212.931329,179.337481
78.5,187.023671,212.931329,179.337481
78.6,186.864973,212.521677,179.189082
78.7,186.864973,212.521677,179.189082
78.8,186.864973,212.521677,179.189082
78.9,186.711525,212.142181,179.026848
79,186.711525,212.142181,179.026848
79.1,186.711525,212.142181,179.026848
79.2,186.575258,211.758605,178.879169
79.3,186.575258,211.758605,178.879169
79.4,186.575258,211.758605,178.879169
79.5,186.391263,211.36857,178.729345
79.6,186.391263,211.36857,178.729345
79.7,186.391263,211.36857,178.729345
79.8,186.044274,210.924976,178.564969
79.9,186.044274,210.924976,178.564969
80,186.044274,210.924976,178.564969
80.1,185.565074,210.606701,178.35837
80.2,185.565074,210.606701,178.35837
80.3,185.565074,210.606701,178.35837
80.4,184.924553,209.997197,178.090227
80.5,184.924553,209.997197,178.090227
80.6,184.924553,209.997197,178.090227
80.7,184.674217,209.622696,177.849762
80.8,184.674217,209.622696,177.849762
80.9,184.674217,209.622696,177.849762
81,184.296208,209.134414,177.575906
81.1,184.296208,209.134414,177.575906
81.2,184.296208,209.134414,177.575906
81.3,183.779791,208.59562,177.270094
81.4,183.779791,208.59562,177.270094
81.5,183.779791,208.59562,177.270094
81.6,183.526119,208.252414,176.976217
81.7,183.526119,208.252414,176.976217
81.8,183.526119,208.252414,176.976217
81.9,183.352392,207.902754,176.725999
82,183.352392,207.902754,176.725999
82.1,183.352392,207.902754,176.725999
82.2,183.135712,207.510931,176.515144
82.3,183.135712,207.510931,176.515144
82.4,183.135712,207.510931,176.515144
82.5,182.9701,207.394282,176.277581
82.6,182.9701,207.394282,176.277581
82.7,182.9701,207.394282,176.277581
82.8,182.573496,206.720041,176.054573
82.9,182.573496,206.720041,176.054573
83,182.573496,206.720041,176.054573
83.1,182.210305,206.188342,175.771468
83.2,182.210305,206.188342,175.771468
83.3,182.210305,206.188342,175.771468
83.4,181.703471,206.137145,175.477641
83.5,181.703471,206.137145,175.477641
83.6,181.703471,206.137145,175.477641
83.7,181.347453,205.583947,175.203856
83.8,181.347453,205.583947,175.203856
83.9,181.347453,205.583947,175.203856
84,181.084023,205.5295201,175.059814
84.1,181.084023,205.4750932,175.059814
84.2,181.084023,205.4206662,175.059814
84.3,180.548587,205.3662393,174.812514
84.4,180.548587,205.3118124,174.812514
84.5,180.548587,205.2573855,174.812514
84.6,180.076396,205.2029585,174.601231
84.7,180.076396,205.1485316,174.601231
84.8,180.076396,205.0941047,174.601231
84.9,179.758588,205.0396778,174.36897
85,179.758588,204.9852508,174.36897
85.1,179.758588,204.9308239,174.36897
85.2,179.258987,204.876397,174.095941
85.3,179.258987,204.8219701,174.095941
85.4,179.258987,204.7675432,174.095941
85.5,178.943823,204.7131162,173.920922
85.6,178.943823,204.6586893,173.920922
85.7,178.943823,204.6042624,173.920922
85.8,178.731015,204.5498355,173.668892
85.9,178.731015,204.4954085,173.668892
86,178.731015,204.4409816,173.668892
86.1,178.362426,204.3865547,173.405189
86.2,178.362426,204.3321278,173.405189
86.3,178.362426,204.2777008,173.405189
86.4,177.951864,204.2232739,173.14388
86.5,177.951864,204.168847,173.14388
86.6,177.951864,204.1144201,173.14388
86.7,177.504104,204.0599932,172.967932
86.8,177.504104,204.0055662,172.967932
86.9,177.504104,203.9511393,172.967932
87,177.147246,203.8967124,172.722136
87.1,177.147246,203.8422855,172.722136
87.2,177.147246,203.7878585,172.722136
87.3,176.597196,203.7334316,172.476112
87.4,176.597196,203.6790047,172.476112
87.5,176.597196,203.6245778,172.476112
87.6,176.23274,203.5701508,172.308763
87.7,176.23274,203.5157239,172.308763
87.8,176.23274,203.461297,172.308763
87.9,176.029291,203.4068701,172.046784
88,176.029291,203.3524432,172.046784
88.1,176.029291,203.2980162,172.046784
88.2,175.684416,203.2435893,171.816995
88.3,175.684416,203.1891624,171.816995
88.4,175.684416,203.1347355,171.816995
88.5,175.34981,203.0803085,171.585785
88.6,175.34981,203.0258816,171.585785
88.7,175.34981,202.9714547,171.585785
88.8,175.31666,202.9170278,171.237795
88.9,175.31666,202.8626009,171.237795
89,175.31666,202.8081739,171.237795
89.1,175.050036,202.753747,170.928435
89.2,175.050036,202.6993201,170.928435
89.3,175.050036,202.6448932,170.928435
89.4,174.580962,202.5904662,170.630532
89.5,174.580962,202.5360393,170.630532
89.6,174.580962,202.4816124,170.630532
89.7,174.154838,202.4271855,170.363624
89.8,174.154838,202.3727585,170.363624
89.9,174.154838,202.3183316,170.363624
90,173.703227,202.2639047,170.253051
90.1,173.703227,202.2094778,170.253051
90.2,173.703227,202.1550509,170.253051
90.3,173.345821,202.1006239,170.066942
90.4,173.345821,202.046197,170.066942
90.5,173.345821,201.9917701,170.066942
90.6,173.103826,201.9373432,169.905383
90.7,173.103826,201.8829162,169.905383
90.8,173.103826,201.8284893,169.905383
90.9,172.755989,201.7740624,169.708802
91,172.755989,201.7196355,169.708802
91.1,172.755989,201.6652085,169.708802
91.2,172.4394,201.6107816,169.405962
91.3,172.4394,201.5563547,169.405962
91.4,172.4394,201.5019278,169.405962
91.5,172.225329,201.4475009,169.215357
91.6,172.225329,201.3930739,169.215357
91.7,172.225329,201.338647,169.215357
91.8,171.822478,201.2842201,168.948044
91.9,171.822478,201.2297932,168.948044
92,171.822478,201.1753662,168.948044
92.1,171.612481,201.1209393,168.756026
92.2,171.612481,201.0665124,168.756026
92.3,171.612481,201.0120855,168.756026
92.4,171.550508,200.9576585,168.571401
92.5,171.550508,200.9032316,168.571401
92.6,171.550508,200.8488047,168.571401
92.7,171.470422,200.7943778,168.468252
92.8,171.470422,200.7399509,168.468252
92.9,171.470422,200.6855239,168.468252
93,171.232552,200.631097,168.360341
93.1,171.232552,200.5766701,168.360341
93.2,171.232552,200.5222432,168.360341
93.3,170.954652,200.4678162,168.225991
93.4,170.954652,200.4133893,168.225991
93.5,170.954652,200.3589624,168.225991
93.6,170.567855,200.3045355,168.049723
93.7,170.567855,200.2501085,168.049723
93.8,170.567855,200.1956816,168.049723
93.9,170.353615,200.1412547,167.878463
94,170.353615,200.0868278,167.878463
94.1,170.353615,200.0324009,167.878463
94.2,170.235894,199.9779739,167.753178
94.3,170.235894,199.923547,167.753178
94.4,170.235894,199.8691201,167.753178
94.5,169.932786,199.8146932,167.473086
94.6,169.932786,199.7602662,167.473086
94.7,169.932786,199.7058393,167.473086
94.8,169.388331,199.6514124,167.298037
94.9,169.388331,199.5969855,167.298037
95,169.388331,199.5425585,167.298037
95.1,168.865614,199.4881316,166.994397
95.2,168.865614,199.4337047,166.994397
95.3,168.865614,199.3792778,166.994397
95.4,168.385591,199.3248509,166.769835
95.5,168.385591,199.2704239,166.769835
95.6,168.385591,199.215997,166.769835
95.7,167.933485,199.1615701,166.538141
95.8,167.933485,199.1071432,166.538141
95.9,167.933485,199.0527162,166.538141
96,167.754369,198.9982893,166.426466
96.1,167.754369,198.9438624,166.426466
96.2,167.754369,198.8894355,166.426466
96.3,167.62361,198.8350085,166.249792
96.4,167.62361,198.7805816,166.249792
96.5,167.62361,198.7261547,166.249792
96.6,167.620514,198.6717278,166.143362
96.7,167.620514,198.6173009,166.143362
96.8,167.620514,198.5628739,166.143362
96.9,167.596934,198.508447,165.928844
97,167.596934,198.4540201,165.928844
97.1,167.596934,198.3995932,165.928844
97.2,167.214921,198.3451662,165.730763
97.3,167.214921,198.2907393,165.730763
97.4,167.214921,198.2363124,165.730763
97.5,166.727448,198.1818855,165.615776
97.6,166.727448,198.1274585,165.615776
97.7,166.727448,198.0730316,165.615776
97.8,166.473374,198.0186047,165.457704
97.9,166.473374,197.9641778,165.457704
98,166.473374,197.9097509,165.457704
98.1,166.07741,197.8553239,165.239174
98.2,166.07741,197.800897,165.239174
98.3,166.07741,197.7464701,165.239174
98.4,165.625061,197.6920432,164.959245
98.5,165.625061,197.6376162,164.959245
98.6,165.625061,197.5831893,164.959245
98.7,165.246316,197.5287624,164.713132
98.8,165.246316,197.4743355,164.713132
98.9,165.246316,197.4199086,164.713132
99,165.120392,197.3654816,164.477269
99.1,165.120392,197.3110547,164.477269
99.2,165.120392,197.2566278,164.477269
99.3,164.893074,197.2022009,164.149321
99.4,164.893074,197.1477739,164.149321
99.5,164.893074,197.093347,164.149321
99.6,164.674813,197.0389201,163.91135
99.7,164.674813,196.9844932,163.91135
99.8,164.674813,196.9300662,163.91135
99.9,164.587702,196.8756393,163.609624
100,164.587702,196.8212124,163.609624
100.1,164.587702,195.27095,163.609624
100.2,164.274262,194.904559,163.317677
100.3,164.274262,194.904559,163.317677
100.4,164.274262,194.904559,163.317677
100.5,164.066743,194.506191,163.063818
100.6,164.066743,194.506191,163.063818
100.7,164.066743,194.506191,163.063818
100.8,163.805695,194.103752,162.855652
100.9,163.805695,194.103752,162.855652
101,163.805695,194.103752,162.855652
101.1,163.699568,193.852309,162.618238
101.2,163.699568,193.852309,162.618238
101.3,163.699568,193.852309,162.618238
101.4,163.527534,193.512591,162.353724
101.5,163.527534,193.512591,162.353724
101.6,163.527534,193.512591,162.353724
101.7,163.149466,193.222725,162.17319
101.8,163.149466,193.222725,162.17319
101.9,163.149466,193.222725,162.17319
102,162.885865,192.97365,162.011929
102.1,162.885865,192.97365,162.011929
102.2,162.885865,192.97365,162.011929
102.3,162.429365,192.66731,161.847585
102.4,162.429365,192.66731,161.847585
102.5,162.429365,192.66731,161.847585
102.6,161.896816,192.30728,161.557444
102.7,161.896816,192.30728,161.557444
102.8,161.896816,192.30728,161.557444
102.9,161.430455,191.726536,161.378377
103,161.430455,191.726536,161.378377
103.1,161.430455,191.726536,161.378377
103.2,161.080429,191.421601,161.164603
103.3,161.080429,191.421601,161.164603
103.4,161.080429,191.421601,161.164603
103.5,160.855736,191.173927,160.950605
103.6,160.855736,191.173927,160.950605
103.7,160.855736,191.173927,160.950605
103.8,160.830296,191.020739,160.718313
103.9,160.830296,191.020739,160.718313
104,160.830296,191.020739,160.718313
104.1,160.750647,190.819827,160.46892
104.2,160.750647,190.819827,160.46892
104.3,160.750647,190.819827,160.46892
104.4,160.487939,190.37266,160.244506
104.5,160.487939,190.37266,160.244506
104.6,160.487939,190.37266,160.244506
104.7,160.319863,190.072236,160.060754
104.8,160.319863,190.072236,160.060754
104.9,160.319863,190.072236,160.060754
105,160.357662,189.906154,159.835655
105.1,160.357662,189.906154,159.835655
105.2,160.357662,189.906154,159.835655
105.3,160.076443,189.671585,159.664048
105.4,160.076443,189.671585,159.664048
105.5,160.076443,189.671585,159.664048
105.6,160.052672,189.391913,159.471536
105.7,160.052672,189.391913,159.471536
105.8,160.052672,189.391913,159.471536
105.9,160.082148,189.243485,159.293294
106,160.082148,189.243485,159.293294
106.1,160.082148,189.243485,159.293294
106.2,159.944043,188.910354,159.122904
106.3,159.944043,188.910354,159.122904
106.4,159.944043,188.910354,159.122904
106.5,159.740343,188.509208,158.931851
106.6,159.740343,188.509208,158.931851
106.7,159.740343,188.509208,158.931851
106.8,159.544737,188.180605,158.80425
106.9,159.544737,188.180605,158.80425
107,159.544737,188.180605,158.80425
107.1,159.244577,187.854146,158.499171
107.2,159.244577,187.854146,158.499171
107.3,159.244577,187.854146,158.499171
107.4,158.955138,187.493797,158.302691
107.5,158.955138,187.493797,158.302691
107.6,158.955138,187.493797,158.302691
107.7,158.717998,187.212676,158.186282
107.8,158.717998,187.212676,158.186282
107.9,158.717998,187.212676,158.186282
108,158.410551,186.922247,157.920933
108.1,158.410551,186.922247,157.920933
108.2,158.410551,186.922247,157.920933
108.3,158.141857,186.702933,157.566062
108.4,158.141857,186.702933,157.566062
108.5,158.141857,186.702933,157.566062
108.6,157.829717,186.423958,157.197221
108.7,157.829717,186.423958,157.197221
108.8,157.829717,186.423958,157.197221
108.9,157.605965,186.20512,156.943358
109,157.605965,186.20512,156.943358
109.1,157.605965,186.20512,156.943358
109.2,157.147824,185.896075,156.687855
109.3,157.147824,185.896075,156.687855
109.4,157.147824,185.896075,156.687855
109.5,157.00605,185.627838,156.410531
109.6,157.00605,185.627838,156.410531
109.7,157.00605,185.627838,156.410531
109.8,156.957606,185.317361,156.185936
109.9,156.957606,185.317361,156.185936
110,156.957606,185.317361,156.185936
110.1,156.617334,185.053659,155.91958
110.2,156.617334,185.053659,155.91958
110.3,156.617334,185.053659,155.91958
110.4,156.426675,184.883984,155.639007
110.5,156.426675,184.883984,155.639007
110.6,156.426675,184.883984,155.639007
110.7,156.454929,184.610738,155.480218
110.8,156.454929,184.610738,155.480218
110.9,156.454929,184.610738,155.480218
111,156.062488,184.226047,155.233625
111.1,156.062488,184.226047,155.233625
111.2,156.062488,184.226047,155.233625
111.3,155.55071,183.897201,154.999632
111.4,155.55071,183.897201,154.999632
111.5,155.55071,183.897201,154.999632
111.6,155.493984,183.643767,154.801489
111.7,155.493984,183.643767,154.801489
111.8,155.493984,183.643767,154.801489
111.9,155.14368,183.273165,154.57987
112,155.14368,183.273165,154.57987
112.1,155.14368,183.273165,154.57987
112.2,155.061807,183.153371,154.399551
112.3,155.061807,183.153371,154.399551
112.4,155.061807,183.153371,154.399551
112.5,154.994411,182.849591,154.204298
112.6,154.994411,182.849591,154.204298
112.7,154.994411,182.849591,154.204298
112.8,154.995835,182.640074,154.050573
112.9,154.995835,182.640074,154.050573
113,154.995835,182.640074,154.050573
113.1,154.937459,182.448693,153.890215
113.2,154.937459,182.448693,153.890215
113.3,154.937459,182.448693,153.890215
113.4,154.831625,182.184295,153.709942
113.5,154.831625,182.184295,153.709942
113.6,154.831625,182.184295,153.709942
113.7,154.860337,182.041598,153.63499
113.8,154.860337,182.041598,153.63499
113.9,154.860337,182.041598,153.63499
114,154.571329,181.741173,153.480349
114.1,154.571329,181.741173,153.480349
114.2,154.571329,181.741173,153.480349
114.3,154.387451,181.500406,153.352753
114.4,154.387451,181.500406,153.352753
114.5,154.387451,181.500406,153.352753
114.6,154.122453,181.268233,153.192437
114.7,154.122453,181.268233,153.192437
114.8,154.122453,181.268233,153.192437
114.9,153.751214,180.970683,153.027387
115,153.751214,180.970683,153.027387
115.1,153.751214,180.612055,153.027387
115.2,153.578777,180.612055,152.813266
115.3,153.578777,180.612055,152.813266
115.4,153.578777,180.256299,152.813266
115.5,153.251724,180.256299,152.643499
115.6,153.251724,180.256299,152.643499
115.7,153.251724,179.940635,152.643499
115.8,152.901473,179.940635,152.51381
115.9,152.901473,179.940635,152.51381
116,152.901473,179.605175,152.51381
116.1,152.535384,179.605175,152.327941
116.2,152.535384,179.605175,152.327941
116.3,152.535384,179.48087,152.327941
116.4,152.289774,179.48087,152.102025
116.5,152.289774,179.48087,152.102025
116.6,152.289774,179.216042,152.102025
116.7,152.03186,179.216042,151.937282
116.8,152.03186,179.216042,151.937282
116.9,152.03186,178.851017,151.937282
117,151.742212,178.851017,151.751693
117.1,151.742212,178.851017,151.751693
117.2,151.742212,178.734832,151.751693
117.3,151.535071,178.734832,151.513978
117.4,151.535071,178.734832,151.513978
117.5,151.535071,178.424215,151.513978
117.6,151.349748,178.424215,151.286476
117.7,151.349748,178.424215,151.286476
117.8,151.349748,178.174916,151.286476
117.9,151.342401,178.174916,151.095721
118,151.342401,178.174916,151.095721
118.1,151.342401,177.866461,151.095721
118.2,151.278182,177.866461,150.879155
118.3,151.278182,177.866461,150.879155
118.4,151.278182,177.633635,150.879155
118.5,150.998809,177.633635,150.644603
118.6,150.998809,177.633635,150.644603
118.7,150.998809,177.45401,150.644603
118.8,150.996677,177.45401,150.551026
118.9,150.996677,177.45401,150.551026
119,150.996677,177.081887,150.551026
119.1,150.85949,177.081887,150.392544
119.2,150.85949,177.081887,150.392544
119.3,150.85949,176.711926,150.392544
119.4,150.519518,176.711926,150.219861
119.5,150.519518,176.711926,150.219861
119.6,150.519518,176.652772,150.219861
119.7,150.384964,176.652772,150.092429
119.8,150.384964,176.652772,150.092429
119.9,150.384964,176.410911,150.092429
120,150.271262,176.410911,149.948424
120.1,150.271262,176.410911,149.948424
120.2,150.271262,176.15904,149.948424
120.3,150.040794,176.15904,149.807507
120.4,150.040794,176.15904,149.807507
120.5,150.040794,176.079855,149.807507
120.6,149.937766,176.079855,149.682228
120.7,149.937766,176.079855,149.682228
120.8,149.937766,175.931026,149.682228
120.9,149.987503,175.931026,149.59958
121,149.987503,175.931026,149.59958
121.1,149.987503,175.808913,149.59958
121.2,149.999583,175.808913,149.489941
121.3,149.999583,175.808913,149.489941
121.4,149.999583,175.34981,149.489941
121.5,150.029899,175.34981,149.422928
121.6,150.029899,175.34981,149.422928
121.7,150.029899,175.188355,149.422928
121.8,149.999583,175.188355,149.318979
121.9,149.999583,175.188355,149.318979
122,149.999583,174.963707,149.318979
122.1,149.965003,174.963707,149.276122
122.2,149.965003,174.963707,149.276122
122.3,149.965003,174.793675,149.276122
122.4,149.874057,174.793675,149.168865
122.5,149.874057,174.793675,149.168865
122.6,149.874057,174.63247,149.168865
122.7,149.81627,174.63247,149.153002
122.8,149.81627,174.63247,149.153002
122.9,149.81627,174.399492,149.153002
123,149.708751,174.399492,149.126484
123.1,149.708751,174.399492,149.126484
123.2,149.708751,174.194898,149.126484
123.3,149.476917,174.194898,149.001241
123.4,149.476917,174.194898,149.001241
123.5,149.476917,173.885632,149.001241
123.6,149.155133,173.885632,148.908437
123.7,149.155133,173.885632,148.908437
123.8,149.155133,173.683913,148.908437
123.9,148.804748,173.683913,148.753378
124,148.804748,173.683913,148.753378
124.1,148.804748,173.25999,148.753378
124.2,148.510275,173.25999,148.577972
124.3,148.510275,173.25999,148.577972
124.4,148.510275,172.970554,148.577972
124.5,148.081652,172.970554,148.380094
124.6,148.081652,172.970554,148.380094
124.7,148.081652,172.796279,148.380094
124.8,147.988411,172.796279,148.202349
124.9,147.988411,172.796279,148.202349
125,147.988411,172.664443,148.202349
125.1,147.774019,172.664443,148.052543
125.2,147.774019,172.664443,148.052543
125.3,147.774019,172.415322,148.052543
125.4,147.691675,172.415322,147.946052
125.5,147.691675,172.415322,147.946052
125.6,147.691675,172.066807,147.946052
125.7,147.360437,172.066807,147.799811
125.8,147.360437,172.066807,147.799811
125.9,147.360437,171.704726,147.799811
126,147.050772,171.704726,147.606022
126.1,147.050772,171.704726,147.606022
126.2,147.050772,171.374843,147.606022
126.3,146.814235,171.374843,147.325896
126.4,146.814235,171.374843,147.325896
126.5,146.814235,171.147702,147.325896
126.6,146.628098,171.147702,147.08318
126.7,146.628098,171.147702,147.08318
126.8,146.628098,170.95203,147.08318
126.9,146.658607,170.95203,146.964197
127,146.658607,170.95203,146.964197
127.1,146.658607,170.759224,146.964197
127.2,146.570864,170.759224,146.743515
127.3,146.570864,170.759224,146.743515
127.4,146.570864,170.596453,146.743515
127.5,146.450253,170.596453,146.596879
127.6,146.450253,170.596453,146.596879
127.7,146.450253,170.439405,146.596879
127.8,146.340998,170.439405,146.415489
127.9,146.340998,170.439405,146.415489
128,146.340998,170.099827,146.415489
128.1,146.228203,170.099827,146.224892
128.2,146.228203,170.099827,146.224892
128.3,146.228203,169.865113,146.224892
128.4,145.809939,169.865113,145.974019
128.5,145.809939,169.865113,145.974019
128.6,145.809939,169.620164,145.974019
128.7,145.43312,169.620164,145.798827
128.8,145.43312,169.620164,145.798827
128.9,145.43312,169.314947,145.798827
129,145.207154,169.314947,145.614429
129.1,145.207154,169.314947,145.614429
129.2,145.207154,169.178189,145.614429
129.3,144.812243,169.178189,145.34448
129.4,144.812243,169.178189,145.34448
129.5,144.812243,168.948997,145.34448
129.6,144.539321,168.948997,145.120177
129.7,144.539321,168.948997,145.120177
129.8,144.539321,168.665261,145.120177
129.9,144.317228,168.665261,144.915277
130,144.317228,168.665261,144.915277
130.1,144.317228,168.442525,144.915277
130.2,144.191307,168.442525,144.70307
130.3,144.191307,168.442525,144.70307
130.4,144.191307,168.269821,144.70307
130.5,143.867206,168.269821,144.497736
130.6,143.867206,168.269821,144.497736
130.7,143.867206,168.085691,144.497736
130.8,143.659354,168.085691,144.330931
130.9,143.659354,168.085691,144.330931
131,143.659354,167.852263,144.330931
131.1,143.571024,167.852263,144.217294
131.2,143.571024,167.852263,144.217294
131.3,143.571024,167.579548,144.217294
131.4,143.478918,167.579548,143.953424
131.5,143.478918,167.579548,143.953424
131.6,143.478918,167.234211,143.953424
131.7,142.952102,167.234211,143.742729
131.8,142.952102,167.234211,143.742729
131.9,142.952102,167.086082,143.742729
132,142.773615,167.086082,143.525679
132.1,142.773615,167.086082,143.525679
132.2,142.773615,166.913429,143.525679
132.3,142.591838,166.913429,143.316443
132.4,142.591838,166.913429,143.316443
132.5,142.591838,166.644819,143.316443
132.6,142.38718,166.644819,143.043713
132.7,142.38718,166.644819,143.043713
132.8,142.38718,166.403131,143.043713
132.9,141.989726,166.403131,142.834762
133,141.989726,166.403131,142.834762
133.1,141.989726,166.227172,142.834762
133.2,141.795039,166.227172,142.675406
133.3,141.795039,166.227172,142.675406
133.4,141.795039,166.041935,142.675406
133.5,141.492309,166.041935,142.465311
133.6,141.492309,166.041935,142.465311
133.7,141.492309,165.883132,142.465311
133.8,141.40171,165.883132,142.280257
133.9,141.40171,165.883132,142.280257
134,141.40171,165.516742,142.280257
134.1,141.133243,165.516742,142.138173
134.2,141.133243,165.516742,142.138173
134.3,141.133243,165.3213,142.138173
134.4,140.817402,165.3213,141.957867
134.5,140.817402,165.3213,141.957867
134.6,140.817402,165.109205,141.957867
134.7,140.693815,165.109205,141.850258
134.8,140.693815,165.109205,141.850258
134.9,140.693815,164.932824,141.850258
135,140.34503,164.932824,141.675405
135.1,140.34503,164.932824,141.675405
135.2,140.34503,164.782633,141.675405
135.3,140.048646,164.782633,141.564979
135.4,140.048646,164.782633,141.564979
135.5,140.048646,164.531533,141.564979
135.6,140.024598,164.531533,141.385667
135.7,140.024598,164.531533,141.385667
135.8,140.024598,164.396588,141.385667
135.9,139.895874,164.396588,141.226896
136,139.895874,164.396588,141.226896
136.1,139.895874,164.21072,141.226896
136.2,139.92275,164.21072,141.078987
136.3,139.92275,164.21072,141.078987
136.4,139.92275,164.069123,141.078987
136.5,139.958113,164.069123,140.890756
136.6,139.958113,164.069123,140.890756
136.7,139.958113,163.814738,140.890756
136.8,139.595549,163.814738,140.686268
136.9,139.595549,163.814738,140.686268
137,139.595549,163.68886,140.686268
137.1,139.558778,163.68886,140.598064
137.2,139.558778,163.68886,140.598064
137.3,139.558778,163.534672,140.598064
137.4,139.454125,163.534672,140.486282
137.5,139.454125,163.534672,140.486282
137.6,139.454125,163.236544,140.486282
137.7,139.139256,163.236544,140.253541
137.8,139.139256,163.236544,140.253541
137.9,139.139256,163.078092,140.253541
138,138.866615,163.078092,140.007387
138.1,138.866615,163.078092,140.007387
138.2,138.866615,162.852797,140.007387
138.3,138.628174,162.852797,139.761264
138.4,138.628174,162.852797,139.761264
138.5,138.628174,162.582794,139.761264
138.6,138.536763,162.582794,139.611578
138.7,138.536763,162.582794,139.611578
138.8,138.536763,162.493115,139.611578
138.9,138.575636,162.493115,139.508572
139,138.575636,162.493115,139.508572
139.1,138.575636,162.436264,139.508572
139.2,138.576578,162.436264,139.369982
139.3,138.576578,162.436264,139.369982
139.4,138.576578,162.265953,139.369982
139.5,138.292708,162.265953,139.271467
139.6,138.292708,162.265953,139.271467
139.7,138.292708,162.146312,139.271467
139.8,138.140543,162.146312,139.168007
139.9,138.140543,162.146312,139.168007
140,138.140543,161.976967,139.168007
140.1,138.046093,161.976967,139.000928
140.2,138.046093,161.976967,139.000928
140.3,138.046093,161.781469,139.000928
140.4,137.991687,161.781469,138.876276
140.5,137.991687,161.781469,138.876276
140.6,137.991687,161.366012,138.876276
140.7,137.804926,161.366012,138.761999
140.8,137.804926,161.366012,138.761999
140.9,137.804926,161.147245,138.761999
141,137.549425,161.147245,138.594954
141.1,137.549425,161.147245,138.594954
141.2,137.549425,161.049518,138.594954
141.3,137.331865,161.049518,138.50331
141.4,137.331865,161.049518,138.50331
141.5,137.331865,160.862394,138.50331
141.6,137.277243,160.862394,138.399891
141.7,137.277243,160.862394,138.399891
141.8,137.277243,160.831485,138.399891
141.9,137.319857,160.831485,138.260201
142,137.319857,160.831485,138.260201
142.1,137.319857,160.707614,138.260201
142.2,137.352113,160.707614,138.10851
142.3,137.352113,160.707614,138.10851
142.4,137.352113,160.348866,138.10851
142.5,136.907644,160.348866,137.913259
142.6,136.907644,160.348866,137.913259
142.7,136.907644,160.25449,137.913259
142.8,136.825966,160.25449,137.742755
142.9,136.825966,160.25449,137.742755
143,136.825966,160.067172,137.742755
143.1,136.702866,160.067172,137.534356
143.2,136.702866,160.067172,137.534356
143.3,136.702866,159.819492,137.534356
143.4,136.575067,159.819492,137.387901
143.5,136.575067,159.819492,137.387901
143.6,136.575067,159.565652,137.387901
143.7,136.226312,159.565652,137.28666
143.8,136.226312,159.565652,137.28666
143.9,136.226312,159.275233,137.28666
144,135.89903,159.275233,137.094083
144.1,135.89903,159.275233,137.094083
144.2,135.89903,159.024049,137.094083
144.3,135.680717,159.024049,136.913058
144.4,135.680717,159.024049,136.913058
144.5,135.680717,158.967732,136.913058
144.6,135.514176,158.967732,136.88387
144.7,135.514176,158.967732,136.88387
144.8,135.514176,158.768133,136.88387
144.9,135.41233,158.768133,136.732522
145,135.41233,158.768133,136.732522
145.1,135.41233,158.687347,136.732522
145.2,135.163265,158.687347,136.591542
145.3,135.163265,158.687347,136.591542
145.4,135.163265,158.625571,136.591542
145.5,134.968082,158.625571,136.441394
145.6,134.968082,158.625571,136.441394
145.7,134.968082,158.488954,136.441394
145.8,134.801839,158.488954,136.252666
145.9,134.801839,158.488954,136.252666
146,134.801839,158.26064,136.252666
146.1,134.682633,158.26064,136.048194
146.2,134.682633,158.26064,136.048194
146.3,134.682633,157.948963,136.048194
146.4,134.649013,157.948963,135.906794
146.5,134.649013,157.948963,135.906794
146.6,134.649013,157.876987,135.906794
146.7,134.511245,157.876987,135.78987
146.8,134.511245,157.876987,135.78987
146.9,134.511245,157.617604,135.78987
147,134.458115,157.617604,135.690361
147.1,134.458115,157.617604,135.690361
147.2,134.458115,157.507396,135.690361
147.3,134.389472,157.507396,135.522879
147.4,134.389472,157.507396,135.522879
147.5,134.389472,157.29198,135.522879
147.6,134.200951,157.29198,135.427147
147.7,134.200951,157.29198,135.427147
147.8,134.200951,157.012699,135.427147
147.9,133.980956,157.012699,135.331891
148,133.980956,157.012699,135.331891
148.1,133.980956,156.969242,135.331891
148.2,134.010334,156.969242,135.243225
148.3,134.010334,156.969242,135.243225
148.4,134.010334,156.660786,135.243225
148.5,134.048174,156.660786,135.131282
148.6,134.048174,156.660786,135.131282
148.7,134.048174,156.511437,135.131282
148.8,133.89823,156.511437,134.995594
148.9,133.89823,156.511437,134.995594
149,133.89823,156.422639,134.995594
149.1,133.831487,156.422639,134.925991
149.2,133.831487,156.422639,134.925991
149.3,133.831487,156.385601,134.925991
149.4,133.826787,156.385601,134.864149
149.5,133.826787,156.385601,134.864149
149.6,133.826787,156.255022,134.864149
149.7,133.773442,156.255022,134.793375
149.8,133.773442,156.255022,134.793375
149.9,133.773442,156.137744,134.793375
150,133.760048,156.137744,134.663825
150.1,133.760048,156.137744,134.663825
150.2,133.760048,156.000054,134.663825
150.3,133.542925,156.000054,134.542512
150.4,133.542925,156.000054,134.542512
150.5,133.542925,155.805164,134.542512
150.6,133.522248,155.805164,134.462816
150.7,133.522248,155.805164,134.462816
150.8,133.522248,155.553321,134.462816
150.9,133.323479,155.553321,134.341752
151,133.323479,155.553321,134.341752
151.1,133.323479,155.318115,134.341752
151.2,133.053553,155.318115,134.205887
151.3,133.053553,155.318115,134.205887
151.4,133.053553,155.039737,134.205887
151.5,132.687844,155.039737,134.075673
151.6,132.687844,155.039737,134.075673
151.7,132.687844,154.830676,134.075673
151.8,132.407446,154.830676,133.96427
151.9,132.407446,154.830676,133.96427
152,132.407446,154.654137,133.96427
152.1,132.140708,154.654137,133.796237
152.2,132.140708,154.654137,133.796237
152.3,132.140708,154.748337,133.796237
152.4,132.039753,154.748337,133.755818
152.5,132.039753,154.748337,133.755818
152.6,132.039753,154.679763,133.755818
152.7,131.975426,154.679763,133.565482
152.8,131.975426,154.679763,133.565482
152.9,131.975426,154.515334,133.565482
153,131.807577,154.515334,133.424505
153.1,131.807577,154.515334,133.424505
153.2,131.807577,154.267641,133.424505
153.3,131.41771,154.267641,133.291997
153.4,131.41771,154.267641,133.291997
153.5,131.41771,154.152344,133.291997
153.6,131.201806,154.152344,133.089494
153.7,131.201806,154.152344,133.089494
153.8,131.201806,154.101102,133.089494
153.9,131.179747,154.101102,132.961708
154,131.179747,154.101102,132.961708
154.1,131.179747,153.997436,132.961708
154.2,131.124837,153.997436,132.80692
154.3,131.124837,153.997436,132.80692
154.4,131.124837,153.846806,132.80692
154.5,131.045995,153.846806,132.665767
154.6,131.045995,153.846806,132.665767
154.7,131.045995,153.623131,132.665767
154.8,130.993905,153.623131,132.505369
154.9,130.993905,153.623131,132.505369
155,130.993905,153.410384,132.505369
155.1,130.521642,153.410384,132.328078
155.2,130.521642,153.410384,132.328078
155.3,130.521642,153.184136,132.328078
155.4,130.281453,153.184136,132.170057
155.5,130.281453,153.184136,132.170057
155.6,130.281453,152.887246,132.170057
155.7,129.930376,152.887246,132.019797
155.8,129.930376,152.887246,132.019797
155.9,129.930376,152.683331,132.019797
156,129.809614,152.683331,131.850066
156.1,129.809614,152.683331,131.850066
156.2,129.809614,152.499822,131.850066
156.3,129.607971,152.499822,131.704527
156.4,129.607971,152.499822,131.704527
156.5,129.607971,152.399537,131.704527
156.6,129.47715,152.399537,131.704997
156.7,129.47715,152.399537,131.704997
156.8,129.47715,152.276024,131.704997
156.9,129.416666,152.276024,131.526845
157,129.416666,152.276024,131.526845
157.1,129.416666,152.238568,131.526845
157.2,129.434951,152.238568,131.385557
157.3,129.434951,152.238568,131.385557
157.4,129.434951,152.06955,131.385557
157.5,129.223038,152.06955,131.270564
157.6,129.223038,152.06955,131.270564
157.7,129.223038,151.912868,131.270564
157.8,129.236164,151.912868,131.174116
157.9,129.236164,151.912868,131.174116
158,129.236164,151.669924,131.174116
158.1,129.143108,151.669924,131.058197
158.2,129.143108,151.669924,131.058197
158.3,129.143108,151.418235,131.058197
158.4,128.933572,151.418235,130.928442
158.5,128.933572,151.418235,130.928442
158.6,128.933572,151.275812,130.928442
158.7,128.769524,151.275812,130.788609
158.8,128.769524,151.275812,130.788609
158.9,128.769524,151.250456,130.788609
159,128.750073,151.250456,130.679519
159.1,128.750073,151.250456,130.679519
159.2,128.750073,151.096669,130.679519
159.3,128.783116,151.096669,130.568793
159.4,128.783116,151.096669,130.568793
159.5,128.783116,150.920856,130.568793
159.6,128.802098,150.920856,130.498654
159.7,128.802098,150.920856,130.498654
159.8,128.802098,150.809261,130.498654
159.9,128.608771,150.809261,130.387705
160,128.608771,150.809261,130.387705
160.1,128.608771,150.640813,130.387705
160.2,128.498878,150.640813,130.295057
160.3,128.498878,150.640813,130.295057
160.4,128.498878,150.549841,130.295057
160.5,128.560267,150.549841,130.176381
160.6,128.560267,150.549841,130.176381
160.7,128.560267,150.422866,130.176381
160.8,128.537304,150.422866,130.020894
160.9,128.537304,150.422866,130.020894
161,128.537304,150.289027,130.020894
161.1,128.524417,150.289027,130.029102
161.2,128.524417,150.289027,130.029102
161.3,128.524417,150.134589,130.029102
161.4,128.510593,150.134589,129.953826
161.5,128.510593,150.134589,129.953826
161.6,128.510593,150.031083,129.953826
161.7,128.45436,150.031083,129.912085
161.8,128.45436,150.031083,129.912085
161.9,128.45436,149.845163,129.912085
162,128.275596,149.845163,129.758028
162.1,128.275596,149.845163,129.758028
162.2,128.275596,149.614026,129.758028
162.3,128.012756,149.614026,129.638685
162.4,128.012756,149.614026,129.638685
162.5,128.012756,149.468155,129.638685
162.6,127.841767,149.468155,129.475743
162.7,127.841767,149.468155,129.475743
162.8,127.841767,149.24913,129.475743
162.9,127.684144,149.24913,129.35595
163,127.684144,149.24913,129.35595
163.1,127.684144,149.058061,129.35595
163.2,127.556744,149.058061,129.186002
163.3,127.556744,149.058061,129.186002
163.4,127.556744,148.956969,129.186002
163.5,127.377136,148.956969,129.013024
163.6,127.377136,148.956969,129.013024
163.7,127.377136,148.796462,129.013024
163.8,127.334519,148.796462,128.898652
163.9,127.334519,148.796462,128.898652
164,127.334519,148.664135,128.898652
164.1,127.23969,148.664135,128.804207
164.2,127.23969,148.664135,128.804207
164.3,127.23969,148.526844,128.804207
164.4,127.208316,148.526844,128.681178
164.5,127.208316,148.526844,128.681178
164.6,127.208316,148.420094,128.681178
164.7,127.158914,148.420094,128.57292
164.8,127.158914,148.420094,128.57292
164.9,127.158914,148.296782,128.57292
165,127.024997,148.296782,128.504501
165.1,127.024997,148.296782,128.504501
165.2,127.024997,148.123303,128.504501
165.3,126.92761,148.123303,128.434913
165.4,126.92761,148.123303,128.434913
165.5,126.92761,148.009946,128.434913
165.6,126.763749,148.009946,128.323858
165.7,126.763749,148.009946,128.323858
165.8,126.763749,147.892808,128.323858
165.9,126.745491,147.892808,128.238815
166,126.745491,147.892808,128.238815
166.1,126.745491,147.637728,128.238815
166.2,126.616288,147.637728,128.091229
166.3,126.616288,147.637728,128.091229
166.4,126.616288,147.395451,128.091229
166.5,126.48686,147.395451,127.917187
166.6,126.48686,147.395451,127.917187
166.7,126.48686,147.218965,127.917187
166.8,126.301277,147.218965,127.744568
166.9,126.301277,147.218965,127.744568
167,126.301277,147.099029,127.744568
167.1,126.19223,147.099029,127.579928
167.2,126.19223,147.099029,127.579928
167.3,126.19223,147.141373,127.579928
167.4,125.929937,147.141373,127.480871
167.5,125.929937,147.141373,127.480871
167.6,125.929937,147.085782,127.480871
167.7,125.903734,147.085782,127.369408
167.8,125.903734,147.085782,127.369408
167.9,125.903734,146.833867,127.369408
168,125.849456,146.833867,127.300802
168.1,125.849456,146.833867,127.300802
168.2,125.849456,146.775918,127.300802
168.3,125.788863,146.775918,127.217681
168.4,125.788863,146.775918,127.217681
168.5,125.788863,146.59073,127.217681
168.6,125.780909,146.59073,127.144632
168.7,125.780909,146.59073,127.144632
168.8,125.780909,146.46657,127.144632
168.9,125.66207,146.46657,127.027339
169,125.66207,146.46657,127.027339
169.1,125.66207,146.28661,127.027339
169.2,125.542537,146.28661,126.994563
169.3,125.542537,146.28661,126.994563
169.4,125.542537,145.98395,126.994563
169.5,125.301158,145.98395,126.883366
169.6,125.301158,145.98395,126.883366
169.7,125.301158,145.902853,126.883366
169.8,125.032452,145.902853,126.722552
169.9,125.032452,145.902853,126.722552
170,125.032452,145.701189,126.722552
170.1,124.952947,145.701189,126.635246
170.2,124.952947,145.701189,126.635246
170.3,124.952947,145.703789,126.635246
170.4,124.970719,145.703789,126.543966
170.5,124.970719,145.703789,126.543966
170.6,124.970719,145.598591,126.543966
170.7,124.908988,145.598591,126.505349
170.8,124.908988,145.598591,126.505349
170.9,124.908988,145.462431,126.505349
171,124.872979,145.462431,126.458541
171.1,124.872979,145.462431,126.458541
171.2,124.872979,145.488669,126.458541
171.3,124.822007,145.488669,126.38061
171.4,124.822007,145.488669,126.38061
171.5,124.822007,145.295079,126.38061
171.6,124.831827,145.295079,126.330295
171.7,124.831827,145.295079,126.330295
171.8,124.831827,145.23528,126.330295
171.9,124.743213,145.23528,126.238797
172,124.743213,145.23528,126.238797
172.1,124.743213,145.194391,126.238797
172.2,124.589378,145.194391,126.150345
172.3,124.589378,145.194391,126.150345
172.4,124.589378,144.973649,126.150345
172.5,124.439062,144.973649,126.045519
172.6,124.439062,144.973649,126.045519
172.7,124.439062,144.862577,126.045519
172.8,124.254868,144.862577,125.932043
172.9,124.254868,144.862577,125.932043
173,124.254868,144.636434,125.932043
173.1,124.108788,144.636434,125.868406
173.2,124.108788,144.636434,125.868406
173.3,124.108788,144.55397,125.868406
173.4,124.04218,144.55397,125.755643
173.5,124.04218,144.55397,125.755643
173.6,124.04218,144.45119,125.755643
173.7,123.980716,144.45119,125.623706
173.8,123.980716,144.45119,125.623706
173.9,123.980716,144.244226,125.623706
174,123.795402,144.244226,125.545812
174.1,123.795402,144.244226,125.545812
174.2,123.795402,144.137917,125.545812
174.3,123.712216,144.137917,125.495288
174.4,123.712216,144.137917,125.495288
174.5,123.712216,144.01177,125.495288
174.6,123.654035,144.01177,125.434707
174.7,123.654035,144.01177,125.434707
174.8,123.654035,143.930275,125.434707
174.9,123.624828,143.930275,125.406406
175,123.624828,143.930275,125.406406
175.1,123.624828,143.793275,125.406406
175.2,123.58651,143.793275,125.362903
175.3,123.58651,143.793275,125.362903
175.4,123.58651,143.660063,125.362903
175.5,123.580435,143.660063,125.301625
175.6,123.580435,143.660063,125.301625
175.7,123.580435,143.558506,125.301625
175.8,123.469224,143.558506,125.22585
175.9,123.469224,143.558506,125.22585
176,123.469224,143.442076,125.22585
176.1,123.415022,143.442076,125.120847
176.2,123.415022,143.442076,125.120847
176.3,123.415022,143.356825,125.120847
176.4,123.094054,143.356825,124.978903
176.5,123.094054,143.356825,124.978903
176.6,123.094054,143.063783,124.978903
176.7,122.84134,143.063783,124.829021
176.8,122.84134,143.063783,124.829021
176.9,122.84134,143.001213,124.829021
177,122.683004,143.001213,124.662553
177.1,122.683004,143.001213,124.662553
177.2,122.683004,142.935103,124.662553
177.3,122.611548,142.935103,124.55548
177.4,122.611548,142.935103,124.55548
177.5,122.611548,142.812097,124.55548
177.6,122.496196,142.812097,124.450984
177.7,122.496196,142.812097,124.450984
177.8,122.496196,142.499539,124.450984
177.9,122.476115,142.499539,124.294604
178,122.476115,142.499539,124.294604
178.1,122.476115,142.338557,124.294604
178.2,122.32435,142.338557,124.126785
178.3,122.32435,142.338557,124.126785
178.4,122.32435,142.117168,124.126785
178.5,122.121706,142.117168,123.940287
178.6,122.121706,142.117168,123.940287
178.7,122.121706,141.866304,123.940287
178.8,121.911617,141.866304,123.759651
178.9,121.911617,141.866304,123.759651
179,121.911617,141.640719,123.759651
179.1,121.753133,141.640719,123.602398
179.2,121.753133,141.640719,123.602398
179.3,121.753133,141.459985,123.602398
179.4,121.545656,141.459985,123.443992
179.5,121.545656,141.459985,123.443992
179.6,121.545656,141.375051,123.443992
179.7,121.540055,141.375051,123.324379
179.8,121.540055,141.375051,123.324379
179.9,121.540055,141.139612,123.324379
180,121.295736,141.139612,123.229069
180.1,121.295736,141.139612,123.229069
180.2,121.295736,141.153766,123.229069
180.3,121.211971,141.153766,123.139603
180.4,121.211971,141.153766,123.139603
180.5,121.211971,141.004211,123.139603
180.6,121.135677,141.004211,123.017909
180.7,121.135677,141.004211,123.017909
180.8,121.135677,140.774948,123.017909
180.9,120.982397,140.774948,122.881744
181,120.982397,140.774948,122.881744
181.1,120.982397,140.642402,122.881744
181.2,120.871121,140.642402,122.76217
181.3,120.871121,140.642402,122.76217
181.4,120.871121,140.39738,122.76217
181.5,120.698738,140.39738,122.628594
181.6,120.698738,140.39738,122.628594
181.7,120.698738,140.292683,122.628594
181.8,120.511679,140.292683,122.473547
181.9,120.511679,140.292683,122.473547
182,120.511679,140.193178,122.473547
182.1,120.307384,140.193178,122.307306
182.2,120.307384,140.193178,122.307306
182.3,120.307384,140.0312,122.307306
182.4,120.033396,140.0312,122.160692
182.5,120.033396,140.0312,122.160692
182.6,120.033396,140.001729,122.160692
182.7,120.014743,140.001729,122.015024
182.8,120.014743,140.001729,122.015024
182.9,120.014743,139.711996,122.015024
183,119.978837,139.711996,121.871236
183.1,119.978837,139.711996,121.871236
183.2,119.978837,139.78861,121.871236
183.3,119.98863,139.78861,121.747065
183.4,119.98863,139.78861,121.747065
183.5,119.98863,139.465203,121.747065
183.6,119.860165,139.465203,121.59373
183.7,119.860165,139.465203,121.59373
183.8,119.860165,139.298805,121.59373
183.9,119.637765,139.298805,121.474947
184,119.637765,139.298805,121.474947
184.1,119.637765,139.192045,121.474947
184.2,119.515621,139.192045,121.32257
184.3,119.515621,139.192045,121.32257
184.4,119.515621,139.113805,121.32257
184.5,119.431244,139.113805,121.190506
184.6,119.431244,139.113805,121.190506
184.7,119.431244,139.004227,121.190506
184.8,119.384395,139.004227,121.10138
184.9,119.384395,139.004227,121.10138
185,119.384395,138.927173,121.10138
185.1,119.442898,138.927173,121.043287
185.2,119.442898,138.927173,121.043287
185.3,119.442898,138.810536,121.043287
185.4,119.42262,138.810536,120.985663
185.5,119.42262,138.810536,120.985663
185.6,119.42262,138.577756,120.985663
185.7,119.270892,138.577756,120.883018
185.8,119.270892,138.577756,120.883018
185.9,119.270892,138.471506,120.883018
186,119.031557,138.471506,120.765216
186.1,119.031557,138.471506,120.765216
186.2,119.031557,138.402011,120.765216
186.3,119.015246,138.402011,120.704802
186.4,119.015246,138.402011,120.704802
186.5,119.015246,138.32498,120.704802
186.6,119.01175,138.32498,120.660718
186.7,119.01175,138.32498,120.660718
186.8,119.01175,138.309669,120.660718
186.9,119.057423,138.309669,120.630863
187,119.057423,138.309669,120.630863
187.1,119.057423,138.131357,120.630863
187.2,119.045539,138.131357,120.536635
187.3,119.045539,138.131357,120.536635
187.4,119.045539,137.983915,120.536635
187.5,118.740299,137.983915,120.499318
187.6,118.740299,137.983915,120.499318
187.7,118.740299,137.658922,120.499318
187.8,118.440472,137.658922,120.43355
187.9,118.440472,137.658922,120.43355
188,118.440472,137.512928,120.43355
188.1,118.319578,137.512928,120.326506
188.2,118.319578,137.512928,120.326506
188.3,118.319578,137.451473,120.326506
188.4,118.203583,137.451473,120.20408
188.5,118.203583,137.451473,120.20408
188.6,118.203583,137.36106,120.20408
188.7,118.095514,137.36106,120.066272
188.8,118.095514,137.36106,120.066272
188.9,118.095514,137.162824,120.066272
189,117.937383,137.162824,119.9842
189.1,117.937383,137.162824,119.9842
189.2,117.937383,136.834204,119.9842
189.3,117.717561,136.834204,119.834287
189.4,117.717561,136.834204,119.834287
189.5,117.717561,136.908821,119.834287
189.6,117.412558,136.908821,119.608627
189.7,117.412558,136.908821,119.608627
189.8,117.412558,136.838206,119.608627
189.9,117.265198,136.838206,119.483921
190,117.265198,136.838206,119.483921
190.1,117.265198,136.680742,119.483921
190.2,117.210029,136.680742,119.316339
190.3,117.210029,136.680742,119.316339
190.4,117.210029,136.591071,119.316339
190.5,117.18163,136.591071,119.208666
190.6,117.18163,136.591071,119.208666
190.7,117.18163,136.444688,119.208666
190.8,117.24192,136.444688,119.079095
190.9,117.24192,136.444688,119.079095
191,117.24192,136.091722,119.079095
191.1,117.003334,136.091722,119.002895
191.2,117.003334,136.091722,119.002895
191.3,117.003334,136.018313,119.002895
191.4,116.805042,136.018313,118.977729
191.5,116.805042,136.018313,118.977729
191.6,116.805042,136.001608,118.977729
191.7,116.57466,136.001608,118.922738
191.8,116.57466,136.001608,118.922738
191.9,116.57466,136.015254,118.922738
192,116.109105,136.015254,118.831633
192.1,116.109105,136.015254,118.831633
192.2,116.109105,135.833392,118.831633
192.3,115.976511,135.833392,118.721894
192.4,115.976511,135.833392,118.721894
192.5,115.976511,135.727294,118.721894
192.6,115.779965,135.727294,118.650369
192.7,115.779965,135.727294,118.650369
192.8,115.779965,135.611088,118.650369
192.9,115.661816,135.611088,118.521073
193,115.661816,135.611088,118.521073
193.1,115.661816,135.316839,118.521073
193.2,115.439959,135.316839,118.486363
193.3,115.439959,135.316839,118.486363
193.4,115.439959,135.286735,118.486363
193.5,115.287885,135.286735,118.377112
193.6,115.287885,135.286735,118.377112
193.7,115.287885,135.161619,118.377112
193.8,115.043989,135.161619,118.297915
193.9,115.043989,135.161619,118.297915
194,115.043989,135.036746,118.297915
194.1,114.927285,135.036746,118.145123
194.2,114.927285,135.036746,118.145123
194.3,114.927285,135.032513,118.145123
194.4,114.87219,135.032513,118.066169
194.5,114.87219,135.032513,118.066169
194.6,114.87219,134.881784,118.066169
194.7,114.807566,134.881784,117.890809
194.8,114.807566,134.881784,117.890809
194.9,114.807566,134.310723,117.890809
195,114.848711,134.310723,117.957644
195.1,114.848711,134.310723,117.957644
195.2,114.848711,133.8987,117.957644
195.3,114.713657,133.8987,117.872179
195.4,114.713657,133.8987,117.872179
195.5,114.713657,134.141014,117.872179
195.6,114.599532,134.141014,117.742709
195.7,114.599532,134.141014,117.742709
195.8,114.599532,133.955809,117.742709
195.9,114.374092,133.955809,117.621631
196,114.374092,133.955809,117.621631
196.1,114.374092,133.588274,117.621631
196.2,114.254877,133.588274,117.491248
196.3,114.254877,133.588274,117.491248
196.4,114.254877,132.898288,117.491248
196.5,114.118242,132.898288,117.315714
196.6,114.118242,132.898288,117.315714
196.7,114.118242,132.039988,117.315714
196.8,113.88636,132.039988,117.119015
196.9,113.88636,132.039988,117.119015
197,113.88636,132.099621,117.119015
197.1,113.740462,132.099621,116.912331
197.2,113.740462,132.099621,116.912331
197.3,113.740462,131.87401,116.912331
197.4,113.639177,131.87401,116.724521
197.5,113.639177,131.87401,116.724521
197.6,113.639177,131.795135,116.724521
197.7,113.70608,131.795135,116.631671
197.8,113.70608,131.795135,116.631671
197.9,113.70608,131.463476,116.631671
198,113.662639,131.463476,116.517419
198.1,113.662639,131.463476,116.517419
198.2,113.662639,131.092455,116.517419
198.3,113.660781,131.092455,116.381304
198.4,113.660781,131.092455,116.381304
198.5,113.660781,131.381568,116.381304
198.6,113.550209,131.381568,116.305456
198.7,113.550209,131.381568,116.305456
198.8,113.550209,130.822863,116.305456
198.9,113.420365,130.822863,116.172382
199,113.420365,130.822863,116.172382
199.1,113.420365,129.056853,116.172382
199.2,113.266145,129.056853,116.081422
199.3,113.266145,129.056853,116.081422
199.4,113.266145,126.795116,116.081422
199.5,113.155133,126.795116,116.018615
199.6,113.155133,126.795116,116.018615
199.7,113.155133,125.993577,116.018615
199.8,113.0641,125.993577,115.976046
199.9,113.0641,125.993577,115.976046
200,113.0641,125.993577,115.976046
